 Plate No,Thick,DISCHARGE_TEMP,HEATING_TIME,P1_TEMP,LAST_PASS_TEMP,FINAL_TEMP,LAST_ROUGH_RED,last_pass_no,FIRST_FIN_RED,FINAL_RED,WAITING_THICK,RESTART_TEMPR,START_TEMPR,WAIT_TIME,C,Mn,P,S,SI,Al,Nb,V,Cu,Charpy
SCC074417,25,1237,5.33,1135.74,820.99,831.24,27.64,13,24.15,20.57,71.28,931.79,1142.18,197.28,0.180,1.340,0.020,0.012,0.261,0.025,0.042,0.039,0.001,Pass
SCC074417,25,1237,5.33,1135.74,820.99,831.24,27.64,13,24.15,20.57,71.28,931.79,1142.18,197.28,0.180,1.340,0.020,0.012,0.261,0.025,0.042,0.039,0.001,Pass
SCC083955,20,1198,4.65,1065.10,841.65,826.26,32.33,13,23.27,15.68,59.72,927.60,1100.70,142.95,0.150,1.260,0.020,0.010,0.280,0.025,0.035,0.034,0.001,Pass
SCC083956,20,1190,4.58,1095.44,839.53,814.67,16.07,15,23.19,15.23,59.39,921.62,1098.55,163.14,0.150,1.260,0.020,0.010,0.280,0.025,0.035,0.034,0.001,Pass
SCC084707,12,1201,5.40,1118.99,803.52,753.23,40.24,13,24.73,9.13,35.45,957.50,1110.75,73.04,0.160,1.250,0.013,0.012,0.235,0.029,0.030,0.035,0.001,Pass
SCC084708,12,1218,5.49,1111.58,796.11,757.26,39.31,13,24.61,9.46,35.45,963.89,1125.19,63.14,0.160,1.250,0.013,0.012,0.235,0.029,0.030,0.035,0.001,Pass
SCC085537,20,1220,4.62,1138.22,881.03,877.54,23.05,13,26.11,24.37,49.43,954.52,1126.83,77.33,0.160,1.300,0.017,0.008,0.280,0.029,0.031,0.035,0.001,Fail
SCC085538,20,1232,4.72,1136.49,892.49,880.98,21.68,13,26.12,24.29,49.43,961.15,1137.69,72.28,0.160,1.300,0.017,0.008,0.280,0.029,0.031,0.035,0.001,Fail
SCC071472,16,1219,4.90,1115.25,872.00,797.52,26.37,15,23.64,11.23,47.44,969.55,1114.45,97.12,0.160,1.250,0.024,0.015,0.198,0.032,0.032,0.030,0.002,Pass
SCC071474,16,1222,4.95,1125.84,875.54,799.30,26.61,15,23.58,11.26,47.44,968.08,1111.42,102.16,0.160,1.250,0.024,0.015,0.198,0.032,0.032,0.030,0.002,Pass
SCC071718,12,1232,4.94,1132.39,809.04,726.81,18.63,15,23.63,14.12,35.52,974.83,1132.36,32.10,0.170,1.158,0.020,0.013,0.191,0.034,0.036,0.038,0.002,Pass
SCC071719,12,1233,5.03,1106.04,817.98,728.43,18.43,15,23.95,11.75,35.51,967.73,1138.19,42.44,0.170,1.158,0.020,0.013,0.191,0.034,0.036,0.038,0.002,Pass
SCC071856,20,1209,4.24,1098.08,845.54,815.89,19.70,15,23.31,11.19,59.37,922.52,1115.84,172.42,0.180,1.200,0.020,0.011,0.240,0.030,0.039,0.042,0.002,Fail
SCC071857,20,1207,4.36,1109.33,842.37,814.23,19.93,15,23.32,11.17,59.38,925.62,1111.73,162.28,0.180,1.200,0.020,0.011,0.240,0.030,0.039,0.042,0.002,Pass
SCC072134,20,1221,5.38,1116.84,858.11,730.05,32.54,13,22.71,15.16,59.36,934.19,1126.03,187.84,0.160,1.140,0.021,0.018,0.295,0.029,0.035,0.033,0.002,Pass
SCC072135,20,1222,5.49,1109.69,868.36,800.78,32.56,13,22.83,15.41,59.77,938.44,1115.04,157.87,0.160,1.140,0.021,0.018,0.295,0.029,0.035,0.033,0.002,Pass
SCC072214,25,1212,3.57,1094.28,862.07,813.23,16.72,15,22.97,18.43,74.31,927.84,1118.76,197.36,0.180,1.390,0.020,0.012,0.264,0.017,0.044,0.035,0.002,Pass
SCC072215,25,1219,3.61,1104.54,874.47,831.98,16.67,15,22.88,17.96,74.31,926.98,1118.27,207.34,0.180,1.390,0.020,0.012,0.264,0.017,0.044,0.035,0.002,Pass
SCC072260,22,1234,4.87,1136.81,864.17,837.75,19.12,13,21.57,17.78,43.44,917.80,1139.84,127.99,0.170,1.330,0.017,0.011,0.257,0.028,0.037,0.032,0.002,Pass
SCC072261,22,1236,4.96,1138.66,869.77,840.80,18.99,13,21.58,17.81,43.45,922.37,1133.15,117.50,0.170,1.330,0.017,0.011,0.257,0.028,0.037,0.032,0.002,Pass
SCC072332,20,1232,12.79,1140.79,860.04,737.17,23.34,15,22.54,15.82,59.38,944.43,1138.47,162.75,0.160,1.110,0.020,0.004,0.259,0.026,0.033,0.031,0.002,Pass
SCC072333,20,1233,12.94,1142.86,861.27,726.98,23.19,15,22.54,15.87,59.39,946.64,1136.03,152.17,0.160,1.110,0.020,0.004,0.259,0.026,0.033,0.031,0.002,Pass
SCC072336,16,1231,13.23,1142.04,849.72,748.17,24.12,15,24.17,10.33,47.44,968.91,1138.40,77.08,0.170,1.160,0.024,0.014,0.238,0.033,0.030,0.030,0.002,Pass
SCC072337,16,1239,13.32,1138.08,860.25,783.78,22.92,15,24.02,10.42,47.42,959.40,1142.83,117.31,0.170,1.160,0.024,0.014,0.238,0.033,0.030,0.030,0.002,Pass
SCC072362,32,1216,3.86,1129.30,879.51,846.01,21.33,13,20.59,20.08,91.23,931.25,1124.33,337.75,0.190,1.300,0.022,0.011,0.303,0.031,0.030,0.035,0.002,Pass
SCC072363,32,1216,3.90,1134.08,878.41,852.69,20.99,13,20.70,20.40,91.26,933.94,1110.52,292.60,0.190,1.300,0.022,0.011,0.303,0.031,0.030,0.035,0.002,Pass
SCC072372,32,1217,4.15,1133.53,884.46,844.23,20.98,13,20.60,20.16,91.24,930.30,1118.04,332.70,0.170,1.340,0.022,0.018,0.243,0.035,0.032,0.030,0.002,Pass
SCC072373,32,1220,4.20,1131.39,886.37,851.23,20.85,13,20.66,20.37,91.25,932.30,1113.15,302.51,0.170,1.340,0.022,0.018,0.243,0.035,0.032,0.030,0.002,Pass
SCC072376,25,1220,4.26,1135.84,886.35,844.53,22.48,15,22.65,18.14,74.30,925.01,1126.83,237.53,0.200,1.330,0.023,0.003,0.350,0.028,0.045,0.035,0.002,Pass
SCC072377,25,1225,4.30,1136.09,877.60,851.82,22.26,15,22.73,18.21,74.30,927.35,1121.86,222.43,0.200,1.330,0.023,0.003,0.350,0.028,0.045,0.035,0.002,Pass
SCC072413,32,1221,4.40,1116.60,901.39,853.81,20.15,13,20.39,20.16,91.28,933.00,1098.51,272.58,0.180,1.360,0.018,0.016,0.286,0.016,0.031,0.033,0.002,Pass
SCC072414,32,1218,4.33,1121.37,881.19,828.84,20.79,13,20.29,20.03,91.24,931.02,1121.39,332.64,0.180,1.360,0.018,0.016,0.286,0.016,0.031,0.033,0.002,Pass
SCC072417,32,1227,4.39,1133.45,884.82,829.01,20.67,13,20.50,20.46,91.24,933.33,1118.42,302.50,0.160,1.310,0.025,0.017,0.178,0.018,0.030,0.036,0.002,Pass
SCC072417,32,1227,4.39,1133.45,884.82,829.01,20.67,13,20.50,20.46,91.24,933.33,1118.42,302.50,0.160,1.310,0.025,0.017,0.178,0.018,0.030,0.036,0.002,Pass
SCC072418,25,1219,4.42,1147.62,878.79,824.22,21.77,15,22.07,19.61,74.30,924.78,1125.41,232.43,0.170,1.400,0.018,0.007,0.332,0.021,0.048,0.045,0.002,Pass
SCC072419,25,1228,4.46,1132.08,877.05,830.59,21.76,15,22.39,19.57,74.30,924.95,1120.80,227.60,0.170,1.400,0.018,0.007,0.332,0.021,0.048,0.045,0.002,Pass
SCC072432,25,1202,3.86,1118.87,860.44,815.81,21.31,15,21.59,14.24,69.36,930.33,1087.67,177.75,0.184,1.330,0.020,0.012,0.285,0.038,0.035,0.034,0.002,Pass
SCC072433,25,1201,3.98,1118.56,894.57,846.00,21.31,15,21.61,14.44,69.35,931.10,1094.21,177.45,0.184,1.330,0.020,0.012,0.285,0.038,0.035,0.034,0.002,Pass
SCC072441,25,1220,3.98,1137.29,879.94,830.32,21.48,15,22.88,18.76,69.32,924.16,1119.42,202.44,0.170,1.330,0.017,0.011,0.257,0.028,0.037,0.032,0.002,Pass
SCC072442,25,1215,3.94,1143.29,938.12,871.74,21.49,15,21.59,14.30,69.35,940.09,1111.30,182.35,0.170,1.330,0.017,0.011,0.257,0.028,0.037,0.032,0.002,Pass
SCC072448,32,1228,3.93,1139.26,885.73,810.21,21.48,13,20.45,20.47,91.21,929.77,1133.41,357.41,0.192,1.400,0.020,0.012,0.271,0.039,0.051,0.047,0.002,Pass
SCC072449,32,1228,3.98,1132.68,890.90,828.11,21.34,13,20.62,20.60,91.23,933.16,1121.19,312.49,0.192,1.400,0.020,0.012,0.271,0.039,0.051,0.047,0.002,Pass
SCC072475,20,1163,3.68,1105.82,826.61,821.22,22.88,15,22.61,15.28,59.41,952.89,1060.08,91.87,0.160,1.250,0.022,0.006,0.232,0.021,0.036,0.032,0.002,Pass
SCC072476,20,1192,3.82,1116.17,864.53,826.14,23.56,15,22.72,15.10,59.41,944.25,1099.58,142.29,0.160,1.250,0.022,0.006,0.232,0.021,0.036,0.032,0.002,Pass
SCC072480,32,1205,3.96,1119.36,883.31,843.80,19.88,13,20.04,19.88,89.27,929.88,1115.04,297.61,0.170,1.349,0.021,0.010,0.312,0.015,0.044,0.044,0.002,Pass
SCC072481,32,1210,4.00,1011.14,886.85,851.19,19.87,13,20.11,20.06,89.29,931.56,1091.06,262.43,0.170,1.349,0.021,0.010,0.312,0.015,0.044,0.044,0.002,Pass
SCC072491,25,1226,4.67,1137.15,873.37,822.71,15.18,15,21.91,19.77,74.31,924.97,1131.04,218.06,0.170,1.310,0.021,0.009,0.248,0.029,0.032,0.032,0.002,Pass
SCC072492,25,1231,4.73,1133.21,871.33,837.98,15.21,15,21.99,19.77,74.29,925.09,1134.30,232.42,0.170,1.310,0.021,0.009,0.248,0.029,0.032,0.032,0.002,Pass
SCC072509,20,-1,7.80,1118.55,888.37,827.29,20.96,15,22.08,15.88,59.41,935.94,1090.52,132.38,0.160,1.280,0.020,0.006,0.280,0.015,0.040,0.036,0.002,Pass
SCC072510,20,-1,7.93,1117.64,876.28,817.97,20.37,15,22.07,15.90,59.39,932.18,1101.70,152.36,0.160,1.280,0.020,0.006,0.280,0.015,0.040,0.036,0.002,Pass
SCC072521,20,1238,6.01,1143.77,869.20,806.92,18.96,15,22.07,15.88,59.36,934.33,1134.50,172.46,0.170,1.300,0.020,0.014,0.291,0.028,0.042,0.039,0.002,Pass
SCC072523,20,1229,6.13,1124.71,862.27,749.28,19.76,15,22.06,15.71,59.37,932.14,1123.42,167.46,0.170,1.300,0.020,0.014,0.291,0.028,0.042,0.039,0.002,Pass
SCC072529,16,1229,6.79,1137.99,849.55,727.95,21.40,15,23.59,12.54,47.42,950.79,1136.16,78.15,0.170,1.260,0.021,0.015,0.243,0.044,0.044,0.032,0.002,Pass
SCC072529,16,1229,6.79,1137.99,849.55,727.95,21.40,15,23.59,12.54,47.42,950.79,1136.16,78.15,0.170,1.260,0.021,0.015,0.243,0.044,0.044,0.032,0.002,Pass
SCC072530,16,1234,6.88,1137.53,861.03,727.21,21.97,15,23.70,11.55,47.41,938.23,1115.39,117.63,0.170,1.260,0.021,0.015,0.243,0.044,0.044,0.032,0.002,Pass
SCC072530,16,1234,6.88,1137.53,861.03,727.21,21.97,15,23.70,11.55,47.41,938.23,1115.39,117.63,0.170,1.260,0.021,0.015,0.243,0.044,0.044,0.032,0.002,Pass
SCC072546,20,1201,3.58,1103.62,849.05,740.92,20.75,15,22.09,15.75,59.40,923.09,1106.69,147.39,0.184,1.330,0.020,0.012,0.285,0.038,0.035,0.034,0.002,Pass
SCC072547,20,1206,3.59,1126.27,848.25,789.56,20.73,15,22.06,15.76,59.37,923.65,1110.97,167.67,0.184,1.330,0.020,0.012,0.285,0.038,0.035,0.034,0.002,Pass
SCC072549,16,1217,3.74,1127.14,831.56,740.46,26.49,15,23.82,10.92,47.40,927.11,1125.10,92.59,0.150,1.300,0.020,0.010,0.265,0.026,0.035,0.030,0.002,Pass
SCC072550,16,1223,3.87,1127.88,842.22,893.61,24.59,15,23.91,10.31,47.39,917.39,1129.56,142.17,0.150,1.300,0.020,0.010,0.265,0.026,0.035,0.030,0.002,Pass
SCC072685,20,1224,5.25,1132.51,827.61,844.02,17.20,15,22.18,16.25,59.39,947.04,1130.30,83.89,0.180,1.300,0.020,0.015,0.288,0.024,0.047,0.042,0.002,Pass
SCC072686,20,1227,5.64,1118.88,852.08,841.87,17.66,15,22.13,16.05,59.37,934.23,1130.51,117.43,0.180,1.300,0.020,0.015,0.288,0.024,0.047,0.042,0.002,Pass
SCC072693,25,1230,5.21,1131.02,868.59,828.60,26.69,15,20.64,11.66,74.27,925.46,1135.98,252.30,0.180,1.350,0.022,0.012,0.245,0.020,0.040,0.040,0.002,Pass
SCC072694,25,1233,5.25,1130.70,866.30,831.87,26.63,15,20.63,11.57,74.26,925.90,1133.05,242.78,0.180,1.350,0.022,0.012,0.245,0.020,0.040,0.040,0.002,Pass
SCC072915,20,1191,3.94,1072.67,882.38,838.86,17.37,15,22.55,16.83,39.53,972.00,1096.05,33.16,0.180,1.290,0.025,0.007,0.263,0.026,0.040,0.036,0.002,Pass
SCC072915,20,1191,3.94,1072.67,882.38,838.86,17.37,15,22.55,16.83,39.53,972.00,1096.05,33.16,0.180,1.290,0.025,0.007,0.263,0.026,0.040,0.036,0.002,Pass
SCC072969,30,1229,7.00,1089.62,876.01,836.97,21.84,15,19.46,10.75,89.25,936.74,1123.81,257.78,0.180,1.300,0.025,0.010,0.263,0.027,0.037,0.031,0.002,Pass
SCC072970,30,1229,7.03,1092.48,876.88,799.52,21.80,15,19.11,11.28,89.23,929.84,1123.70,312.72,0.180,1.300,0.025,0.010,0.263,0.027,0.037,0.031,0.002,Pass
SCC073037,40,1227,4.64,1105.48,867.49,843.94,18.82,15,18.48,12.31,79.30,930.78,1113.28,212.76,0.180,1.360,0.020,0.014,0.214,0.026,0.038,0.032,0.002,Pass
SCC073038,40,1236,4.67,1101.87,880.57,832.93,18.71,15,18.48,12.51,79.30,924.11,1105.14,257.36,0.180,1.360,0.020,0.014,0.214,0.026,0.038,0.032,0.002,Pass
SCC073099,32,1235,4.41,1121.33,874.03,844.00,20.18,15,19.24,10.40,89.22,934.17,1110.53,302.81,0.190,1.370,0.024,0.016,0.319,0.045,0.036,0.038,0.002,Pass
SCC073100,32,1235,4.47,1108.59,877.77,848.56,20.81,15,19.10,10.27,89.23,929.40,1128.90,332.79,0.190,1.370,0.024,0.016,0.319,0.045,0.036,0.038,0.002,Pass
SCC073104,32,1223,4.39,1111.53,874.22,843.74,20.43,15,19.12,10.29,89.25,929.92,1116.38,312.80,0.190,1.370,0.024,0.016,0.319,0.045,0.036,0.038,0.002,Pass
SCC073105,32,1217,4.36,1107.02,870.55,842.45,20.47,15,19.33,10.25,89.25,933.82,1113.92,277.71,0.190,1.370,0.024,0.016,0.319,0.045,0.036,0.038,0.002,Pass
SCC073107,32,1215,4.48,1101.95,905.28,865.44,22.06,13,20.10,21.63,89.24,933.35,1121.90,287.87,0.190,1.370,0.024,0.016,0.319,0.045,0.036,0.038,0.002,Pass
SCC073108,32,1221,4.52,1086.17,893.37,848.69,22.01,13,19.89,21.56,89.24,929.53,1115.15,317.61,0.190,1.370,0.024,0.016,0.319,0.045,0.036,0.038,0.002,Pass
SCC073109,32,1216,4.52,1106.40,893.52,857.89,22.14,13,20.05,21.62,89.25,934.33,1121.78,277.79,0.160,1.300,0.022,0.020,0.260,0.014,0.039,0.047,0.002,Pass
SCC073110,32,1221,4.58,1098.82,895.27,866.08,22.00,13,19.97,21.01,89.25,930.93,1113.84,307.61,0.160,1.300,0.022,0.020,0.260,0.014,0.039,0.047,0.002,Pass
SCC073172,16,1228,5.56,1130.69,881.61,816.38,21.80,15,23.14,14.56,47.43,959.54,1132.34,92.07,0.180,1.300,0.021,0.012,0.350,0.030,0.036,0.035,0.002,Pass
SCC073174,16,1229,5.88,1127.76,880.74,815.91,21.83,15,23.18,14.58,47.43,963.37,1135.24,92.60,0.180,1.300,0.021,0.012,0.350,0.030,0.036,0.035,0.002,Pass
SCC073232,45,1224,5.43,1125.82,943.86,868.38,18.50,13,19.07,15.77,99.17,929.16,1130.82,432.50,0.180,1.300,0.023,0.010,0.315,0.023,0.042,0.040,0.002,Pass
SCC073233,45,1225,5.29,1128.01,912.90,862.00,18.41,13,19.03,16.60,99.21,943.56,1130.99,287.50,0.180,1.300,0.023,0.010,0.315,0.023,0.042,0.040,0.002,Pass
SCC073236,40,1222,5.34,1119.64,907.78,863.48,18.01,13,20.85,19.49,99.25,933.87,1099.22,317.39,0.180,1.300,0.023,0.010,0.315,0.023,0.042,0.040,0.002,Pass
SCC073237,40,1217,5.31,1120.51,908.32,871.89,18.08,13,20.84,19.55,99.26,942.22,1103.35,262.25,0.180,1.300,0.023,0.010,0.315,0.023,0.042,0.040,0.002,Pass
SCC073241,22,1212,5.28,1107.46,906.65,863.90,20.38,15,23.41,14.72,65.37,945.89,1115.69,167.28,0.180,1.290,0.021,0.023,0.270,0.025,0.040,0.032,0.002,Pass
SCC073242,22,1215,5.38,1105.10,874.91,844.61,20.32,15,23.41,14.21,65.37,951.90,1119.01,137.53,0.180,1.290,0.021,0.023,0.270,0.025,0.040,0.032,0.002,Pass
SCC073709,30,1212,4.81,1084.00,865.50,867.38,22.83,13,21.29,22.26,89.29,947.03,1105.49,177.52,0.178,1.323,0.024,0.010,0.268,0.019,0.042,0.041,0.002,Fail
SCC073710,30,1220,4.86,1089.38,894.40,880.73,22.96,13,20.91,21.99,89.26,940.32,1115.56,227.60,0.178,1.323,0.024,0.010,0.268,0.019,0.042,0.041,0.002,Pass
SCC073875,40,1243,6.17,1137.07,887.14,838.02,12.84,15,17.22,13.56,79.29,927.40,1128.08,243.02,0.170,1.320,0.027,0.015,0.263,0.028,0.036,0.036,0.002,Pass
SCC073876,40,1247,6.22,1134.42,892.16,826.94,12.88,15,17.22,13.98,79.29,925.74,1119.36,262.20,0.170,1.320,0.027,0.015,0.263,0.028,0.036,0.036,0.002,Pass
SCC073885,25,1238,6.09,1120.99,862.62,828.77,25.59,15,21.86,9.92,74.26,930.09,1143.43,222.23,0.170,1.270,0.023,0.014,0.256,0.022,0.032,0.034,0.002,Pass
SCC073886,25,1243,6.13,1113.47,869.52,826.36,25.78,15,21.53,10.25,74.25,925.56,1144.43,272.63,0.170,1.270,0.023,0.014,0.256,0.022,0.032,0.034,0.002,Pass
SCC073975,40,1231,5.46,1112.53,878.24,840.64,23.21,13,17.18,13.45,79.28,929.37,1117.10,228.14,0.192,1.346,0.024,0.012,0.274,0.041,0.046,0.033,0.002,Pass
SCC073976,40,1235,5.50,1122.19,880.83,832.79,23.21,13,17.28,13.26,79.39,923.58,1112.55,267.60,0.192,1.346,0.024,0.012,0.274,0.041,0.046,0.033,0.002,Pass
SCC074121,18,1214,5.21,1128.94,846.83,821.50,29.72,13,23.35,14.35,53.40,944.03,1115.15,117.70,0.154,1.234,0.025,0.012,0.213,0.018,0.042,0.030,0.002,Pass
SCC074122,18,1222,5.31,1121.87,844.78,818.35,29.77,13,23.35,13.96,53.39,942.40,1123.02,132.82,0.154,1.234,0.025,0.012,0.213,0.018,0.042,0.030,0.002,Pass
SCC074133,25,1235,5.12,1131.19,858.35,842.87,27.45,13,22.96,17.89,74.52,933.87,1140.06,197.76,0.170,1.290,0.024,0.012,0.237,0.022,0.035,0.030,0.002,Pass
SCC074134,25,1240,5.17,1110.79,879.99,857.43,27.36,13,22.81,17.89,74.54,930.64,1138.60,218.08,0.170,1.290,0.024,0.012,0.237,0.022,0.035,0.030,0.002,Pass
SCC074137,25,1232,5.01,1125.73,844.63,815.87,26.46,15,21.65,10.35,75.10,932.40,1137.30,207.34,0.160,1.300,0.020,0.018,0.216,0.031,0.040,0.035,0.002,Pass
SCC074138,25,1238,5.06,1123.86,871.24,827.03,15.42,17,21.72,10.50,74.30,932.81,1140.05,192.74,0.160,1.300,0.020,0.018,0.216,0.031,0.040,0.035,0.002,Pass
SCC074139,25,1226,4.83,1130.85,873.65,832.81,26.54,13,22.42,17.41,71.29,931.20,1132.53,197.55,0.200,1.330,0.023,0.003,0.350,0.028,0.045,0.035,0.002,Pass
SCC074140,25,1232,4.87,1110.06,874.11,844.57,26.51,13,22.29,16.60,71.29,927.54,1133.55,207.84,0.200,1.330,0.023,0.003,0.350,0.028,0.045,0.035,0.002,Pass
SCC074261,16,1212,4.21,1123.98,867.18,960.15,24.51,15,23.11,13.90,47.45,971.77,1119.72,57.81,0.170,1.210,0.023,0.020,0.200,0.026,0.035,0.035,0.002,Pass
SCC074262,16,1223,4.31,1127.78,898.56,821.95,23.77,15,23.09,13.96,47.43,971.14,1129.54,67.25,0.170,1.210,0.023,0.020,0.200,0.026,0.035,0.035,0.002,Pass
SCC074273,25,1234,4.36,1146.56,864.09,833.99,15.38,15,23.29,21.85,74.30,930.52,1138.69,202.55,0.180,1.340,0.022,0.014,0.305,0.030,0.038,0.032,0.002,Pass
SCC074274,25,1240,4.40,1144.70,893.90,853.80,27.96,13,23.22,21.42,74.32,931.78,1136.92,212.42,0.180,1.340,0.022,0.014,0.305,0.030,0.038,0.032,0.002,Pass
SCC074397,22,1236,5.00,1142.23,853.73,857.02,27.34,13,22.13,17.72,43.46,967.30,1141.85,52.66,0.180,1.290,0.021,0.023,0.270,0.025,0.040,0.032,0.002,Pass
SCC074398,22,1246,5.09,1137.04,868.85,859.14,26.47,13,22.02,18.08,43.45,962.43,1149.47,77.29,0.180,1.290,0.021,0.023,0.270,0.025,0.040,0.032,0.002,Pass
SCC074403,16,1232,5.27,1121.82,911.27,858.76,37.44,13,23.21,14.10,31.48,968.06,1138.58,42.86,0.166,1.223,0.024,0.025,0.203,0.015,0.033,0.035,0.002,Pass
SCC074404,16,1242,5.35,1122.12,918.03,854.50,35.41,13,23.28,13.52,31.47,962.62,1146.23,47.90,0.166,1.223,0.024,0.025,0.203,0.015,0.033,0.035,0.002,Pass
SCC074407,16,1231,5.56,1124.98,909.76,854.39,34.57,13,23.00,14.52,31.48,964.36,1138.16,42.89,0.166,1.223,0.024,0.025,0.203,0.015,0.033,0.035,0.002,Pass
SCC074408,16,1241,5.64,1124.34,878.11,833.63,31.97,13,22.96,13.89,31.47,958.14,1144.30,47.90,0.166,1.223,0.024,0.025,0.203,0.015,0.033,0.035,0.002,Pass
SCC074413,25,1236,5.43,1133.56,840.72,821.21,15.02,15,24.91,20.43,71.33,941.94,1141.49,127.79,0.180,1.350,0.022,0.012,0.245,0.020,0.040,0.040,0.002,Pass
SCC074413,25,1236,5.43,1133.56,840.72,821.21,15.02,15,24.91,20.43,71.33,941.94,1141.49,127.79,0.180,1.350,0.022,0.012,0.245,0.020,0.040,0.040,0.002,Pass
SCC074414,25,1239,5.47,1130.85,889.37,857.05,28.29,13,23.39,20.44,71.62,927.98,1134.29,207.39,0.170,1.270,0.023,0.014,0.256,0.022,0.032,0.034,0.002,Pass
SCC074414,25,1239,5.47,1130.85,889.37,857.05,28.29,13,23.39,20.44,71.62,927.98,1134.29,207.39,0.170,1.270,0.023,0.014,0.256,0.022,0.032,0.034,0.002,Pass
SCC074415,25,1236,5.55,1136.03,832.11,819.32,15.42,15,24.93,20.48,71.33,941.12,1141.33,127.82,0.180,1.400,0.020,0.011,0.280,0.021,0.037,0.035,0.002,Pass
SCC074416,25,1244,5.59,1133.38,875.72,852.91,15.82,15,23.52,20.89,71.31,929.73,1136.88,187.33,0.180,1.400,0.020,0.011,0.280,0.021,0.037,0.035,0.002,Pass
SCC074418,25,1244,5.37,1129.06,888.46,844.35,16.45,15,22.33,20.50,71.29,929.30,1146.12,197.69,0.160,1.320,0.023,0.009,0.280,0.032,0.035,0.038,0.002,Pass
SCC074418,25,1244,5.37,1129.06,888.46,844.35,16.45,15,22.33,20.50,71.29,929.30,1146.12,197.69,0.160,1.320,0.023,0.009,0.280,0.032,0.035,0.038,0.002,Pass
SCC074419,36,1236,5.33,1144.34,907.82,871.25,14.98,13,21.50,19.09,71.36,961.73,1138.58,167.79,0.180,1.330,0.024,0.012,0.226,0.017,0.043,0.038,0.002,Pass
SCC074420,36,1250,5.44,1145.10,907.45,875.59,15.02,13,21.51,18.69,71.36,965.93,1140.75,142.28,0.180,1.330,0.024,0.012,0.226,0.017,0.043,0.038,0.002,Pass
SCC074423,16,1247,5.49,1157.61,917.01,856.60,31.55,13,22.76,16.27,31.49,963.29,1153.59,42.88,0.161,1.312,0.023,0.008,0.233,0.028,0.043,0.034,0.002,Pass
SCC074424,16,1254,5.58,1155.74,891.73,835.53,29.36,13,23.21,14.19,31.48,966.38,1161.01,47.88,0.161,1.312,0.023,0.008,0.233,0.028,0.043,0.034,0.002,Pass
SCC074430,16,1201,4.26,1094.20,852.34,804.08,26.49,15,23.86,13.81,47.43,951.62,1109.12,72.18,0.170,1.180,0.022,0.010,0.210,0.030,0.038,0.035,0.002,Pass
SCC074431,16,1193,4.23,1092.67,844.31,811.22,26.67,15,23.86,13.10,47.45,953.94,1101.21,62.12,0.170,1.180,0.022,0.010,0.210,0.030,0.038,0.035,0.002,Pass
SCC074440,12,1219,4.50,1110.90,801.48,756.52,20.42,15,24.28,13.15,35.47,933.57,1127.36,72.45,0.180,1.120,0.022,0.015,0.217,0.017,0.032,0.033,0.002,Pass
SCC074441,12,1217,4.32,1118.12,805.11,764.34,21.19,15,24.31,11.85,35.48,936.35,1123.02,67.58,0.180,1.120,0.022,0.015,0.217,0.017,0.032,0.033,0.002,Pass
SCC074485,20,1211,4.51,1114.55,798.05,811.47,19.42,15,22.97,15.04,59.42,976.65,1108.83,77.70,0.170,1.100,0.021,0.018,0.250,0.044,0.035,0.030,0.002,Pass
SCC074486,20,1219,4.60,1107.67,822.50,825.52,18.84,15,23.12,14.83,59.54,991.36,1112.59,67.51,0.170,1.100,0.021,0.018,0.250,0.044,0.035,0.030,0.002,Pass
SCC074501,20,1226,4.37,1127.50,815.89,817.14,18.75,15,22.96,14.37,59.43,988.98,1123.83,77.53,0.180,1.240,0.023,0.012,0.235,0.028,0.036,0.034,0.002,Pass
SCC074501,20,1226,4.37,1127.50,815.89,817.14,18.75,15,22.96,14.37,59.43,988.98,1123.83,77.53,0.180,1.240,0.023,0.012,0.235,0.028,0.036,0.034,0.002,Pass
SCC074503,12,1223,4.43,1133.32,811.87,776.80,20.74,15,24.26,12.21,35.49,965.45,1127.30,51.95,0.170,1.190,0.025,0.011,0.280,0.025,0.037,0.035,0.002,Pass
SCC074504,12,1231,4.53,1128.81,819.90,773.08,19.36,15,24.23,12.98,35.49,961.91,1138.78,57.45,0.170,1.190,0.025,0.011,0.280,0.025,0.037,0.035,0.002,Pass
SCC074518,12,1241,4.79,1117.52,852.23,974.50,19.09,15,24.05,12.61,35.49,977.36,1147.01,52.34,0.170,1.300,0.024,0.015,0.222,0.027,0.034,0.034,0.002,Pass
SCC074519,12,1232,4.76,1127.69,836.20,784.20,19.58,15,24.04,12.60,35.50,977.07,1139.17,42.46,0.170,1.300,0.024,0.015,0.222,0.027,0.034,0.034,0.002,Pass
SCC074533,36,1236,5.16,1128.63,889.59,841.94,21.66,13,21.09,18.27,89.22,932.40,1144.52,302.87,0.200,1.330,0.025,0.017,0.293,0.032,0.034,0.035,0.002,Pass
SCC074534,36,1243,5.20,1128.27,905.57,862.96,21.37,13,20.50,18.25,89.27,939.21,1131.46,222.68,0.200,1.330,0.025,0.017,0.293,0.032,0.034,0.035,0.002,Pass
SCC074547,16,1235,5.18,1129.09,849.17,809.84,24.51,15,24.28,11.87,47.43,962.67,1141.83,82.57,0.170,1.200,0.023,0.012,0.210,0.014,0.032,0.032,0.002,Pass
SCC074548,16,1241,5.31,1125.92,874.47,818.78,23.68,15,24.00,12.86,47.42,971.43,1147.53,72.07,0.170,1.200,0.023,0.012,0.210,0.014,0.032,0.032,0.002,Pass
SCC074583,30,1227,4.78,1124.36,865.05,841.10,19.84,15,19.82,11.69,89.24,934.04,1120.69,267.92,0.170,1.400,0.022,0.008,0.312,0.037,0.037,0.033,0.002,Pass
SCC074584,30,1233,4.82,1127.01,856.45,842.06,20.07,15,20.61,11.50,89.24,939.89,1129.85,237.58,0.170,1.400,0.022,0.008,0.312,0.037,0.037,0.033,0.002,Pass
SCC074595,32,1220,4.74,1119.36,843.72,808.86,21.32,15,18.89,10.68,89.23,933.84,1128.44,292.45,0.180,1.350,0.025,0.016,0.300,0.011,0.035,0.031,0.002,Pass
SCC074596,32,1228,4.80,1097.06,895.89,858.43,20.76,13,19.87,21.01,89.25,934.66,1117.05,252.55,0.180,1.350,0.025,0.016,0.300,0.011,0.035,0.031,0.002,Pass
SCC074779,40,1231,5.18,1128.67,886.72,845.59,24.19,13,17.65,13.26,79.28,930.50,1115.21,232.25,0.170,1.320,0.027,0.015,0.263,0.028,0.036,0.036,0.002,Pass
SCC074780,40,1239,5.22,1125.44,886.73,832.52,24.18,13,17.60,13.60,79.27,923.45,1116.72,277.56,0.170,1.320,0.027,0.015,0.263,0.028,0.036,0.036,0.002,Pass
SCC074785,30,1233,5.16,1119.40,889.78,846.95,14.90,15,22.55,21.25,84.28,931.79,1125.02,247.59,0.160,1.300,0.020,0.018,0.216,0.031,0.040,0.035,0.002,Pass
SCC074786,30,1241,5.20,1118.41,891.39,851.51,15.51,15,23.81,21.28,84.28,938.94,1130.04,212.26,0.160,1.300,0.020,0.018,0.216,0.031,0.040,0.035,0.002,Pass
SCC074787,18,1227,5.20,1117.10,855.18,819.09,29.04,13,23.02,14.64,53.39,945.97,1124.82,122.42,0.200,1.330,0.025,0.017,0.293,0.032,0.034,0.035,0.002,Pass
SCC074787,18,1227,5.20,1117.10,855.18,819.09,29.04,13,23.02,14.64,53.39,945.97,1124.82,122.42,0.200,1.330,0.025,0.017,0.293,0.032,0.034,0.035,0.002,Pass
SCC074790,18,1224,5.24,1117.03,854.17,824.33,29.43,13,23.02,14.83,53.39,945.36,1129.09,122.63,0.170,1.310,0.023,0.008,0.200,0.031,0.037,0.040,0.002,Pass
SCC074790,18,1224,5.24,1117.03,854.17,824.33,29.43,13,23.02,14.83,53.39,945.36,1129.09,122.63,0.170,1.310,0.023,0.008,0.200,0.031,0.037,0.040,0.002,Pass
SCC075548,20,1216,4.19,1125.88,850.75,847.59,31.09,13,22.45,16.79,39.42,967.52,1122.53,57.75,0.180,1.130,0.025,0.010,0.275,0.027,0.038,0.030,0.002,Pass
SCC075548,20,1216,4.19,1125.88,850.75,847.59,31.09,13,22.45,16.79,39.42,967.52,1122.53,57.75,0.180,1.130,0.025,0.010,0.275,0.027,0.038,0.030,0.002,Pass
SCC075562,25,1227,4.96,1131.94,858.72,824.02,16.79,15,23.16,19.74,71.31,928.19,1133.18,187.45,0.200,1.230,0.021,0.013,0.242,0.019,0.035,0.031,0.002,Pass
SCC075562,25,1227,4.96,1131.94,858.72,824.02,16.79,15,23.16,19.74,71.31,928.19,1133.18,187.45,0.200,1.230,0.021,0.013,0.242,0.019,0.035,0.031,0.002,Pass
SCC075596,20,1213,4.25,1129.10,837.83,812.77,20.74,15,24.39,13.24,59.40,946.57,1118.60,122.94,0.170,1.260,0.022,0.011,0.227,0.033,0.034,0.030,0.002,Pass
SCC075596,20,1213,4.25,1129.10,837.83,812.77,20.74,15,24.39,13.24,59.40,946.57,1118.60,122.94,0.170,1.260,0.022,0.011,0.227,0.033,0.034,0.030,0.002,Pass
SCC075690,16,1207,5.87,1092.33,847.31,808.95,25.95,15,24.08,11.09,47.40,921.74,1115.26,107.37,0.180,1.100,0.024,0.018,0.193,0.020,0.035,0.033,0.002,Pass
SCC075691,16,1223,5.96,1088.52,875.95,812.42,24.11,15,23.87,11.74,47.39,925.59,1128.17,107.10,0.180,1.100,0.024,0.018,0.193,0.020,0.035,0.033,0.002,Pass
SCC075700,20,1197,4.23,1107.81,869.36,832.58,20.53,15,23.71,14.73,59.39,925.95,1101.05,147.59,0.180,1.130,0.025,0.010,0.275,0.027,0.038,0.030,0.002,Pass
SCC075701,20,1215,4.33,1110.65,880.23,840.13,20.81,15,23.72,14.02,59.38,933.59,1119.83,132.34,0.180,1.130,0.025,0.010,0.275,0.027,0.038,0.030,0.002,Pass
SCC075713,45,1226,4.46,1104.63,902.03,836.75,21.51,13,17.61,13.22,89.22,932.33,1132.00,302.46,0.180,1.280,0.025,0.015,0.253,0.015,0.034,0.030,0.002,Pass
SCC075714,45,1211,4.43,1076.71,897.97,847.74,21.21,13,17.74,13.55,89.25,933.73,1115.42,267.70,0.180,1.280,0.025,0.015,0.253,0.015,0.034,0.030,0.002,Pass
SCC075852,30,1210,4.95,1085.38,895.85,874.07,20.97,13,21.61,15.01,89.33,970.42,1102.44,192.73,0.200,1.320,0.025,0.018,0.293,0.023,0.040,0.037,0.002,Pass
SCC075853,30,1216,5.04,1074.94,888.80,870.24,21.05,13,22.88,14.66,89.35,978.37,1102.53,152.82,0.200,1.320,0.025,0.018,0.293,0.023,0.040,0.037,0.002,Pass
SCC075864,30,1214,4.54,1090.34,893.16,857.69,21.13,13,21.64,21.51,89.30,955.58,1107.89,217.80,0.190,1.350,0.025,0.025,0.293,0.026,0.038,0.038,0.002,Pass
SCC075865,30,1221,4.59,1079.31,893.08,865.06,21.43,13,22.00,22.66,89.30,964.44,1119.26,187.67,0.190,1.350,0.025,0.025,0.293,0.026,0.038,0.038,0.002,Pass
SCC075982,63,1229,5.45,1073.56,953.06,874.46,19.64,11,18.32,16.94,94.27,959.92,1123.89,242.50,0.190,1.390,0.020,0.018,0.350,0.042,0.039,0.036,0.002,Pass
SCC075983,63,1234,5.50,1087.08,956.43,844.41,19.57,11,19.48,16.01,94.23,948.84,1137.00,362.68,0.190,1.390,0.020,0.018,0.350,0.042,0.039,0.036,0.002,Pass
SCC075988,28,1228,5.50,1099.64,849.65,816.83,23.05,13,21.83,25.25,84.27,941.71,1122.93,247.68,0.200,1.250,0.023,0.009,0.250,0.030,0.038,0.032,0.002,Pass
SCC075989,28,1234,5.54,0.00,893.83,862.05,22.11,13,23.11,22.77,84.32,949.29,1100.75,177.58,0.200,1.250,0.023,0.009,0.250,0.030,0.038,0.032,0.002,Pass
SCC076050,20,1246,11.54,1128.42,864.69,846.50,19.46,15,22.62,15.03,59.34,927.23,1147.87,152.51,0.180,1.100,0.024,0.018,0.193,0.020,0.035,0.033,0.002,Pass
SCC076051,20,1252,11.64,1127.61,856.43,834.13,19.50,15,22.40,15.56,59.34,927.96,1155.64,172.35,0.180,1.100,0.024,0.018,0.193,0.020,0.035,0.033,0.002,Pass
SCC076457,14,1209,4.82,1115.53,867.84,816.37,24.40,15,21.74,18.38,27.52,954.96,1117.09,37.44,0.180,1.240,0.025,0.019,0.237,0.040,0.041,0.032,0.002,Pass
SCC076458,14,1222,4.91,1088.89,866.80,814.19,24.42,15,21.79,17.33,27.52,964.36,1120.12,27.32,0.180,1.240,0.025,0.019,0.237,0.040,0.041,0.032,0.002,Pass
SCC076461,12,1213,4.90,1117.29,823.16,720.74,32.81,13,21.80,18.04,23.53,954.91,1121.29,27.60,0.180,1.240,0.025,0.019,0.237,0.040,0.041,0.032,0.002,Pass
SCC076462,12,1230,5.01,1106.83,819.09,776.35,31.20,13,21.78,17.42,23.52,951.72,1134.15,32.67,0.180,1.240,0.025,0.019,0.237,0.040,0.041,0.032,0.002,Pass
SCC076569,40,1222,5.79,1129.76,879.10,849.39,15.81,17,20.02,15.91,89.31,948.75,1108.03,152.88,0.190,1.250,0.025,0.009,0.270,0.013,0.041,0.034,0.002,Pass
SCC076570,40,1237,5.83,1118.49,901.74,847.15,15.63,17,19.80,16.42,89.28,930.24,1103.99,272.42,0.190,1.250,0.025,0.009,0.270,0.013,0.041,0.034,0.002,Pass
SCC076899,32,1186,3.95,1105.17,873.65,817.92,20.10,15,19.24,11.65,94.29,945.11,1092.40,262.67,0.180,1.400,0.023,0.022,0.221,0.039,0.035,0.036,0.002,Pass
SCC076900,32,-1,4.03,1048.28,899.75,868.64,20.36,13,20.52,24.53,94.31,957.21,1096.64,187.48,0.180,1.400,0.023,0.022,0.221,0.039,0.035,0.036,0.002,Pass
SCC076909,30,1202,4.14,1130.51,874.52,854.71,19.69,13,21.02,24.89,91.32,947.46,1096.85,217.70,0.170,1.310,0.023,0.008,0.270,0.025,0.031,0.031,0.002,Pass
SCC076910,30,1230,4.20,1128.50,914.54,879.68,20.82,13,21.90,24.69,91.27,956.98,1129.52,202.45,0.170,1.310,0.023,0.008,0.270,0.025,0.031,0.031,0.002,Pass
SCC076911,30,1210,4.20,1144.94,889.48,867.26,19.81,13,21.15,25.02,91.29,945.76,1105.76,242.52,0.190,1.330,0.017,0.013,0.295,0.039,0.038,0.034,0.002,Pass
SCC076912,30,1230,4.24,1128.28,911.51,878.66,20.82,13,21.81,24.82,91.27,958.44,1126.76,197.54,0.190,1.330,0.017,0.013,0.295,0.039,0.038,0.034,0.002,Pass
SCC076917,34,1203,4.09,1126.34,902.98,861.88,19.41,13,19.71,21.35,91.27,944.16,1112.72,272.74,0.166,1.330,0.025,0.013,0.218,0.018,0.042,0.034,0.002,Pass
SCC076918,34,1225,4.13,1119.50,904.54,880.96,20.15,13,21.53,20.12,91.28,955.07,1116.15,197.54,0.166,1.330,0.025,0.013,0.218,0.018,0.042,0.034,0.002,Pass
SCC076925,25,1200,4.07,1134.15,839.99,827.93,26.19,13,24.66,21.83,74.33,941.46,1103.64,167.50,0.180,1.370,0.025,0.010,0.315,0.018,0.043,0.033,0.002,Pass
SCC076927,25,1200,4.20,1125.30,854.43,831.24,25.39,13,22.00,21.39,74.32,936.72,1107.72,207.78,0.180,1.370,0.025,0.010,0.315,0.018,0.043,0.033,0.002,Pass
SCC076929,25,1207,4.19,1141.43,879.47,850.97,25.67,13,21.94,21.18,74.32,934.80,1114.20,212.72,0.180,1.370,0.025,0.010,0.315,0.018,0.043,0.033,0.002,Fail
SCC076930,25,1227,4.23,1143.18,885.39,857.16,25.95,13,22.24,20.57,74.29,937.79,1128.39,222.70,0.180,1.370,0.025,0.010,0.315,0.018,0.043,0.033,0.002,Pass
SCC076937,32,1189,3.88,1114.76,880.03,834.18,14.60,15,19.27,17.92,79.33,926.33,1099.42,227.47,0.170,1.360,0.024,0.014,0.273,0.019,0.043,0.037,0.002,Pass
SCC076938,32,1211,3.92,1115.84,969.97,851.14,14.72,15,19.80,18.20,79.34,938.72,1099.30,162.47,0.170,1.360,0.024,0.014,0.273,0.019,0.043,0.037,0.002,Pass
SCC076945,20,1192,3.86,1130.56,850.28,809.84,21.14,15,23.26,15.86,59.39,925.67,1094.20,157.43,0.200,1.400,0.023,0.014,0.318,0.020,0.036,0.036,0.002,Pass
SCC076946,20,1212,3.97,1124.52,841.09,800.82,21.01,15,23.10,14.85,59.38,925.14,1115.35,167.45,0.200,1.400,0.023,0.014,0.318,0.020,0.036,0.036,0.002,Pass
SCC076951,20,1202,4.01,1127.25,856.77,811.25,21.08,15,23.14,15.46,59.39,926.49,1096.28,157.34,0.200,1.400,0.023,0.014,0.318,0.020,0.036,0.036,0.002,Pass
SCC076952,20,1216,4.11,1123.90,857.03,808.79,20.57,15,23.13,14.84,59.38,923.89,1107.55,182.40,0.200,1.400,0.023,0.014,0.318,0.020,0.036,0.036,0.002,Pass
SCC076955,20,1201,4.08,1130.16,863.18,822.58,21.28,15,23.08,15.23,59.39,924.70,1096.42,157.37,0.170,1.290,0.023,0.013,0.167,0.012,0.031,0.033,0.002,Pass
SCC076956,20,1215,4.18,1116.96,855.41,811.70,20.67,15,23.10,14.62,59.38,923.05,1106.74,182.41,0.170,1.290,0.023,0.013,0.167,0.012,0.031,0.033,0.002,Pass
SCC077135,40,1214,5.05,1133.99,893.01,842.50,14.64,15,17.85,12.98,79.32,928.17,1100.58,207.59,0.180,1.340,0.024,0.019,0.205,0.025,0.033,0.032,0.002,Pass
SCC077136,40,1231,5.10,1125.27,891.95,833.99,14.59,15,17.71,13.13,79.31,924.84,1102.92,242.36,0.180,1.340,0.024,0.019,0.205,0.025,0.033,0.032,0.002,Pass
SCC077417,20,1206,5.25,1122.82,856.36,832.95,32.91,13,23.04,14.55,59.37,938.46,1113.14,137.36,0.160,1.200,0.020,0.017,0.299,0.021,0.032,0.032,0.002,Pass
SCC077418,20,1220,5.37,1108.84,851.38,829.06,32.72,13,23.04,14.56,59.37,943.75,1124.41,127.83,0.160,1.200,0.020,0.017,0.299,0.021,0.032,0.032,0.002,Pass
SCC077433,32,1183,8.45,1070.65,890.12,834.73,23.08,13,20.16,12.34,79.34,943.11,1090.35,212.91,0.192,1.400,0.020,0.012,0.271,0.039,0.051,0.047,0.002,Fail
SCC077433,32,1183,8.45,1070.65,890.12,834.73,23.08,13,20.16,12.34,79.34,943.11,1090.35,212.91,0.192,1.400,0.020,0.012,0.271,0.039,0.051,0.047,0.002,Fail
SCC077436,20,1193,8.04,1062.40,811.73,793.18,23.26,15,23.36,15.09,59.71,977.13,1095.57,67.52,0.166,1.223,0.024,0.025,0.203,0.015,0.033,0.035,0.002,Pass
SCC077436,20,1193,8.04,1062.40,811.73,793.18,23.26,15,23.36,15.09,59.71,977.13,1095.57,67.52,0.166,1.223,0.024,0.025,0.203,0.015,0.033,0.035,0.002,Pass
SCC077882,20,1224,5.23,1131.08,871.85,843.70,32.74,13,23.11,14.68,59.39,968.07,1130.44,132.63,0.180,1.210,0.016,0.024,0.215,0.030,0.032,0.036,0.002,Pass
SCC077883,20,1244,5.34,1094.31,866.83,842.32,32.88,13,23.10,14.63,59.38,972.29,1146.51,122.77,0.180,1.210,0.016,0.024,0.215,0.030,0.032,0.036,0.002,Pass
SCC078568,28,1217,202.49,1131.92,903.16,864.80,25.83,13,22.92,20.19,59.52,986.01,1112.55,87.69,0.170,1.310,0.023,0.008,0.270,0.025,0.031,0.031,0.002,Pass
SCC078568,28,1217,202.49,1131.92,903.16,864.80,25.83,13,22.92,20.19,59.52,986.01,1112.55,87.69,0.170,1.310,0.023,0.008,0.270,0.025,0.031,0.031,0.002,Pass
SCC078775,36,1203,4.79,1122.94,857.17,826.59,16.64,15,18.52,12.40,71.34,928.67,1112.91,162.80,0.180,1.320,0.022,0.016,0.257,0.019,0.036,0.034,0.002,Pass
SCC078776,36,1214,4.83,1122.90,867.75,847.12,16.56,15,18.52,12.45,71.35,933.62,1102.77,142.36,0.180,1.320,0.022,0.016,0.257,0.019,0.036,0.034,0.002,Pass
SCC078782,36,1209,4.87,1111.02,875.19,846.85,16.49,15,18.47,12.51,71.36,933.52,1098.47,142.16,0.180,1.320,0.022,0.016,0.257,0.019,0.036,0.034,0.002,Pass
SCC078782,36,1209,4.87,1111.02,875.19,846.85,16.49,15,18.47,12.51,71.36,933.52,1098.47,142.16,0.180,1.320,0.022,0.016,0.257,0.019,0.036,0.034,0.002,Pass
SCC079116,36,1193,4.71,1092.90,868.60,856.01,17.32,15,18.37,12.18,71.37,929.69,1086.36,147.17,0.180,1.320,0.022,0.016,0.257,0.019,0.036,0.034,0.002,Pass
SCC079302,34,1210,5.09,1117.08,894.06,855.29,15.22,15,21.41,16.15,79.31,938.93,1118.68,207.33,0.160,1.260,0.025,0.018,0.210,0.034,0.031,0.033,0.002,Pass
SCC079303,34,1223,5.13,1119.67,902.18,875.83,14.88,15,21.38,16.14,79.32,943.39,1113.77,177.20,0.160,1.260,0.025,0.018,0.210,0.034,0.031,0.033,0.002,Pass
SCC079307,36,1221,4.68,1109.20,890.59,868.74,16.83,15,19.24,13.07,74.34,942.89,1116.22,162.27,0.160,1.290,0.023,0.023,0.286,0.034,0.033,0.033,0.002,Pass
SCC079309,36,1223,4.64,1114.83,888.37,858.76,16.64,15,19.25,13.18,74.34,943.36,1119.61,162.30,0.160,1.290,0.023,0.023,0.286,0.034,0.033,0.033,0.002,Pass
SCC079324,28,1247,5.29,1111.41,885.31,856.49,18.10,15,20.57,12.58,71.31,939.55,1140.92,217.27,0.170,1.300,0.023,0.020,0.287,0.027,0.037,0.034,0.002,Pass
SCC079325,28,1251,5.40,1119.20,860.80,854.13,17.99,15,20.55,12.36,71.31,944.65,1148.69,187.30,0.170,1.300,0.023,0.020,0.287,0.027,0.037,0.034,0.002,Pass
SCC079332,16,1250,5.39,1144.34,823.68,791.84,24.83,15,23.54,13.20,47.39,936.72,1153.72,157.65,0.180,1.200,0.022,0.012,0.232,0.021,0.036,0.044,0.002,Pass
SCC079333,16,1255,5.49,1140.42,826.32,800.61,24.89,15,23.37,14.34,47.39,942.35,1149.41,112.57,0.180,1.200,0.022,0.012,0.232,0.021,0.036,0.044,0.002,Pass
SCC079336,50,1207,4.70,1098.77,1093.58,939.84,18.10,13,18.70,16.84,74.43,1112.86,1178.13,0.00,0.200,1.380,0.022,0.023,0.248,0.029,0.032,0.035,0.002,Pass
SCC079337,50,1218,4.75,1096.59,1094.20,940.33,18.04,13,20.11,15.43,74.29,1113.37,1149.77,0.00,0.200,1.380,0.022,0.023,0.248,0.029,0.032,0.035,0.002,Pass
SCC079340,50,1209,4.83,1072.04,913.77,867.22,13.46,15,17.78,13.13,99.28,949.38,1103.53,237.39,0.200,1.380,0.022,0.023,0.248,0.029,0.032,0.035,0.002,Pass
SCC079341,50,1221,4.88,1092.84,929.05,866.25,13.95,15,17.71,13.14,99.25,949.83,1124.37,277.33,0.200,1.380,0.022,0.023,0.248,0.029,0.032,0.035,0.002,Pass
SCC079344,40,1211,4.88,1118.11,871.43,849.77,14.40,15,17.96,13.10,79.35,940.86,1097.40,172.16,0.200,1.240,0.023,0.018,0.248,0.037,0.033,0.030,0.002,Pass
SCC079345,40,1220,4.93,1099.94,900.77,866.20,14.31,15,17.95,13.23,79.35,940.00,1093.15,182.16,0.200,1.240,0.023,0.018,0.248,0.037,0.033,0.030,0.002,Pass
SCC079383,12,1224,5.86,1121.03,905.33,846.92,35.09,13,26.82,17.84,19.78,1008.23,1165.31,0.00,0.180,1.240,0.025,0.019,0.237,0.040,0.041,0.032,0.002,Pass
SCC079383,12,1224,5.86,1121.03,905.33,846.92,35.09,13,26.82,17.84,19.78,1008.23,1165.31,0.00,0.180,1.240,0.025,0.019,0.237,0.040,0.041,0.032,0.002,Pass
SCC079384,20,1232,5.95,1110.97,873.60,867.32,26.57,13,22.42,17.87,39.73,981.20,1136.36,47.21,0.180,1.200,0.022,0.012,0.232,0.021,0.036,0.044,0.002,Pass
SCC079384,20,1232,5.95,1110.97,873.60,867.32,26.57,13,22.42,17.87,39.73,981.20,1136.36,47.21,0.180,1.200,0.022,0.012,0.232,0.021,0.036,0.044,0.002,Pass
SCC079835,16,1223,5.77,1126.18,819.95,794.93,25.17,15,23.30,12.64,47.42,954.68,1127.94,117.68,0.160,1.150,0.020,0.019,0.243,0.031,0.033,0.032,0.002,Pass
SCC079836,16,1222,5.88,1109.77,826.86,803.85,25.21,15,23.14,14.21,47.43,963.09,1128.25,82.56,0.160,1.150,0.020,0.019,0.243,0.031,0.033,0.032,0.002,Pass
SCC080237,50,1242,6.78,1121.93,926.25,857.18,18.57,13,18.06,12.45,99.19,946.95,1145.36,332.62,0.200,1.380,0.022,0.023,0.248,0.029,0.032,0.035,0.002,Fail
SCC080238,50,1239,6.80,1109.52,919.56,866.23,18.66,13,18.10,12.67,99.23,949.76,1127.16,282.68,0.200,1.380,0.022,0.023,0.248,0.029,0.032,0.035,0.002,Pass
SCC080384,40,1200,5.62,1119.79,874.58,846.52,15.37,15,18.10,12.80,79.35,928.85,1086.96,182.67,0.200,1.240,0.023,0.018,0.248,0.037,0.033,0.030,0.002,Pass
SCC080389,40,1206,5.05,1096.73,876.88,849.86,15.14,15,18.08,12.97,79.35,928.19,1079.47,187.06,0.200,1.240,0.023,0.018,0.248,0.037,0.033,0.030,0.002,Pass
SCC080401,36,1195,4.73,1072.96,865.19,851.20,17.10,15,19.06,11.55,71.36,927.86,1086.73,152.21,0.160,1.290,0.023,0.023,0.286,0.034,0.033,0.033,0.002,Pass
SCC080402,36,1191,4.69,1114.66,858.79,834.23,16.66,15,19.10,11.67,71.34,924.08,1100.54,192.26,0.160,1.290,0.023,0.023,0.286,0.034,0.033,0.033,0.002,Pass
SCC080403,36,1195,4.73,1075.92,869.80,842.62,17.05,15,19.09,11.61,71.36,928.88,1085.78,147.17,0.160,1.260,0.025,0.018,0.210,0.034,0.031,0.033,0.002,Pass
SCC080408,36,1189,4.62,1100.02,854.50,838.67,15.86,15,19.11,11.71,71.34,923.23,1099.58,192.23,0.160,1.260,0.025,0.018,0.210,0.034,0.031,0.033,0.002,Pass
SCC080409,36,1198,4.65,1078.74,867.22,846.84,15.75,15,19.12,11.73,71.36,928.53,1089.22,147.16,0.160,1.260,0.025,0.018,0.210,0.034,0.031,0.033,0.002,Pass
SCC080439,20,1229,5.62,1108.17,890.18,868.11,25.91,13,22.39,17.03,39.77,979.56,1133.24,47.19,0.160,1.150,0.020,0.019,0.243,0.031,0.033,0.032,0.002,Pass
SCC080441,20,1225,5.62,1111.63,885.15,867.22,26.82,13,22.46,16.98,39.81,975.54,1128.95,47.12,0.160,1.150,0.020,0.019,0.243,0.031,0.033,0.032,0.002,Pass
SCC080446,20,1218,5.60,1141.84,894.01,877.03,27.50,13,22.12,16.50,39.63,983.75,1124.95,32.12,0.180,1.200,0.022,0.012,0.232,0.021,0.036,0.044,0.002,Pass
SCC080447,20,1224,5.67,1121.89,880.69,865.03,26.80,13,22.45,16.98,39.80,974.22,1129.07,47.04,0.180,1.200,0.022,0.012,0.232,0.021,0.036,0.044,0.002,Pass
SCC080544,12,1226,4.87,1147.28,809.77,807.78,38.33,13,27.50,8.82,23.50,938.98,1133.48,37.44,0.150,1.160,0.020,0.010,0.193,0.031,0.031,0.032,0.002,Pass
SCC080545,12,1228,4.97,1114.75,819.23,829.03,38.21,13,27.73,7.78,23.51,947.40,1134.88,37.42,0.150,1.160,0.020,0.010,0.193,0.031,0.031,0.032,0.002,Pass
SCC081966,28,1224,5.05,1119.78,862.88,881.09,23.67,13,22.77,13.88,79.34,964.40,1118.76,187.59,0.170,1.280,0.025,0.014,0.241,0.037,0.032,0.034,0.002,Pass
SCC081967,28,1225,5.18,1109.96,850.05,862.63,23.68,13,22.67,13.80,79.30,946.96,1124.18,207.64,0.170,1.280,0.025,0.014,0.241,0.037,0.032,0.034,0.002,Pass
SCC081974,20,1233,5.22,1137.59,818.32,868.93,31.75,13,22.93,15.42,59.41,993.05,1137.42,73.01,0.170,1.280,0.025,0.014,0.241,0.037,0.032,0.034,0.002,Pass
SCC081975,20,1234,5.32,1129.43,821.73,860.74,31.65,13,23.03,15.58,59.40,982.19,1137.52,102.90,0.170,1.280,0.025,0.014,0.241,0.037,0.032,0.034,0.002,Pass
SCC082071,25,1193,3.95,1127.05,865.65,870.16,25.78,13,23.83,20.87,74.33,934.41,1100.27,167.13,0.180,1.320,0.024,0.013,0.274,0.031,0.032,0.032,0.002,Pass
SCC082072,25,1205,3.99,1089.22,870.69,883.11,25.60,13,22.08,18.52,74.32,931.23,1106.04,192.53,0.180,1.320,0.024,0.013,0.274,0.031,0.032,0.032,0.002,Pass
SCC082368,25,1224,5.28,1091.50,906.18,901.74,19.70,15,23.14,21.97,74.32,934.94,1122.05,207.43,0.150,1.260,0.021,0.010,0.237,0.026,0.030,0.032,0.002,Pass
SCC082368,25,1224,5.28,1091.50,906.18,901.74,19.70,15,23.14,21.97,74.32,934.94,1122.05,207.43,0.150,1.260,0.021,0.010,0.237,0.026,0.030,0.032,0.002,Pass
SCC083950,30,1180,4.54,1061.80,863.10,852.69,15.30,15,20.36,22.35,89.34,948.35,1076.79,137.68,0.160,1.350,0.023,0.018,0.235,0.038,0.032,0.031,0.002,Pass
SCC083952,30,1182,4.54,1076.27,890.89,859.38,20.03,13,21.55,22.91,89.31,935.18,1078.72,202.12,0.160,1.350,0.023,0.018,0.235,0.038,0.032,0.031,0.002,Pass
SCC083966,12,1205,4.93,1128.90,827.41,779.32,42.70,13,25.41,11.91,35.93,961.63,1114.71,63.08,0.170,1.250,0.020,0.009,0.237,0.028,0.038,0.002,0.002,Pass
SCC083967,12,1213,5.04,1113.11,803.99,778.62,42.69,13,25.20,12.01,35.46,960.84,1122.91,63.41,0.170,1.250,0.020,0.009,0.237,0.028,0.038,0.002,0.002,Pass
SCC083972,40,1206,4.99,1105.21,870.33,860.19,16.34,15,21.16,14.65,89.31,938.83,1093.01,187.66,0.190,1.400,0.025,0.020,0.240,0.024,0.042,0.035,0.002,Pass
SCC083973,40,1216,5.03,1088.51,885.56,864.55,16.27,15,21.15,14.68,89.31,939.90,1091.35,192.35,0.190,1.400,0.025,0.020,0.240,0.024,0.042,0.035,0.002,Pass
SCC084103,25,1236,5.80,1142.87,855.00,862.53,21.71,13,23.09,15.40,74.29,945.72,1140.77,167.50,0.160,1.350,0.023,0.018,0.235,0.038,0.032,0.031,0.002,Pass
SCC084104,25,1248,5.92,1132.21,865.51,848.06,21.25,13,23.07,15.36,74.26,936.53,1151.83,222.40,0.160,1.350,0.023,0.018,0.235,0.038,0.032,0.031,0.002,Pass
SCC084253,25,1200,5.42,1107.20,897.07,821.29,27.09,13,25.25,21.05,74.32,940.52,1107.20,142.74,0.180,1.360,0.024,0.022,0.232,0.020,0.031,0.036,0.002,Pass
SCC084254,25,1210,5.47,1090.65,866.02,848.47,27.18,13,23.95,21.52,74.29,929.24,1114.15,197.72,0.180,1.360,0.024,0.022,0.232,0.020,0.031,0.036,0.002,Pass
SCC084282,36,1207,5.15,0.00,888.32,852.05,27.22,13,19.71,12.56,74.31,928.44,1104.54,207.83,0.160,1.370,0.023,0.017,0.282,0.029,0.038,0.035,0.002,Pass
SCC084283,36,1197,5.09,1135.12,906.72,836.82,27.33,13,19.70,12.33,74.30,927.26,1107.87,197.90,0.160,1.370,0.023,0.017,0.282,0.029,0.038,0.035,0.002,Pass
SCC084531,25,1192,4.84,1099.70,878.08,871.87,26.80,13,25.20,21.10,74.33,939.57,1100.60,137.74,0.150,1.390,0.027,0.026,0.246,0.018,0.035,0.037,0.002,Pass
SCC084532,25,1204,5.11,1063.40,847.60,826.29,26.51,13,22.88,14.88,74.30,934.84,1109.35,202.74,0.150,1.390,0.027,0.026,0.246,0.018,0.035,0.037,0.002,Pass
SCC084659,16,1216,4.93,1142.45,877.54,822.35,28.77,13,23.48,12.08,31.48,954.65,1123.11,57.20,0.150,1.260,0.025,0.021,0.224,0.040,0.030,0.035,0.002,Pass
SCC084660,16,1225,5.03,1125.81,899.79,841.81,28.48,13,23.54,11.72,31.48,959.02,1137.87,57.20,0.150,1.260,0.025,0.021,0.224,0.040,0.030,0.035,0.002,Pass
SCC084741,30,1190,4.66,1118.10,894.72,862.52,20.45,13,23.57,21.64,89.32,949.96,1085.77,147.40,0.150,1.400,0.022,0.009,0.334,0.037,0.045,0.035,0.002,Pass
SCC084742,30,1205,4.70,1094.52,896.87,849.05,20.23,13,23.01,21.28,89.28,942.48,1103.18,197.42,0.150,1.400,0.022,0.009,0.334,0.037,0.045,0.035,0.002,Pass
SCC085080,22,1194,4.13,1091.74,890.77,868.57,28.54,13,21.80,18.01,43.45,914.01,1091.07,97.31,0.160,1.260,0.023,0.023,0.259,0.016,0.030,0.033,0.002,Pass
SCC085081,22,1192,4.10,1097.13,871.99,870.40,27.74,13,21.80,18.06,43.45,920.40,1098.66,77.46,0.160,1.260,0.023,0.023,0.259,0.016,0.030,0.033,0.002,Pass
SCC085082,30,1201,4.17,1092.86,891.99,879.45,20.39,13,22.08,17.87,59.41,927.07,1088.69,127.46,0.160,1.260,0.023,0.023,0.259,0.016,0.030,0.033,0.002,Pass
SCC085082,30,1201,4.17,1092.86,891.99,879.45,20.39,13,22.08,17.87,59.41,927.07,1088.69,127.46,0.160,1.260,0.023,0.023,0.259,0.016,0.030,0.033,0.002,Pass
SCC085129,32,1209,3.91,1110.91,890.34,863.51,18.51,13,23.48,19.78,89.31,962.58,1115.33,132.56,0.170,1.380,0.023,0.017,0.213,0.025,0.033,0.041,0.002,Pass
SCC085138,32,1239,5.92,1042.65,881.44,836.62,18.53,15,17.96,10.18,89.23,933.17,1130.41,302.34,0.170,1.380,0.023,0.017,0.213,0.025,0.033,0.041,0.002,Pass
SCC085301,25,1216,6.36,1107.80,874.34,866.45,26.24,13,23.07,15.22,74.32,953.49,1120.30,143.77,0.160,1.300,0.020,0.018,0.216,0.031,0.040,0.035,0.002,Pass
SCC085302,25,1226,6.45,1084.70,944.92,892.12,25.95,13,23.07,15.28,74.30,942.67,1126.08,208.15,0.160,1.300,0.020,0.018,0.216,0.031,0.040,0.035,0.002,Pass
SCC085519,16,1201,4.36,1118.95,844.37,777.74,24.77,15,24.63,10.09,47.43,956.69,1104.94,106.91,0.160,1.220,0.020,0.012,0.274,0.037,0.033,0.000,0.002,Pass
SCC085525,16,1197,4.41,1113.36,867.84,808.21,25.01,15,24.54,10.06,47.43,958.66,1106.85,101.95,0.160,1.220,0.020,0.012,0.274,0.037,0.033,0.000,0.002,Pass
SCC085541,16,1226,4.67,1127.38,897.09,846.91,28.28,13,32.07,11.84,39.44,940.09,1134.34,107.42,0.160,1.300,0.024,0.014,0.330,0.033,0.002,0.040,0.002,Pass
SCC085542,16,1238,4.76,1115.46,910.90,863.69,27.05,13,30.27,12.52,39.44,943.59,1146.10,92.54,0.160,1.300,0.024,0.014,0.330,0.033,0.002,0.040,0.002,Pass
SCC085627,20,1206,6.78,1113.52,920.06,883.79,17.30,15,21.79,17.67,39.50,962.41,1113.19,42.00,0.160,1.300,0.024,0.014,0.330,0.033,0.002,0.040,0.002,Pass
SCC085628,20,1216,6.86,1103.38,866.36,859.38,16.98,15,21.81,17.89,39.54,979.34,1120.39,21.97,0.160,1.300,0.024,0.014,0.330,0.033,0.002,0.040,0.002,Pass
SCC073728,50,1253,5.12,1124.21,998.80,884.95,21.31,11,18.35,15.31,89.21,950.54,1157.45,372.75,0.180,1.420,0.020,0.008,0.260,0.023,0.051,0.050,0.003,Pass
SCC073734,50,1239,5.09,1104.59,925.11,833.37,21.57,13,15.17,11.11,89.19,925.98,1145.31,412.45,0.180,1.420,0.020,0.008,0.260,0.023,0.051,0.050,0.003,Pass
SCC073739,20,1221,5.13,1080.31,890.14,856.39,31.36,13,22.81,15.55,39.48,960.68,1127.60,72.19,0.150,1.350,0.017,0.005,0.230,0.025,0.038,0.035,0.003,Pass
SCC073740,20,1227,5.21,1079.20,868.53,827.12,20.83,15,24.33,13.82,59.40,949.08,1125.93,132.42,0.150,1.350,0.017,0.005,0.230,0.025,0.038,0.035,0.003,Fail
SCC083880,36,1189,3.96,1128.28,877.97,840.13,21.16,15,18.83,11.41,71.31,915.90,1100.63,202.38,0.160,1.230,0.023,0.012,0.210,0.022,0.031,0.030,0.003,Pass
SCC083881,36,1209,4.01,1101.21,894.51,852.00,27.84,13,18.83,11.53,71.29,914.60,1106.14,232.26,0.160,1.230,0.023,0.012,0.210,0.022,0.031,0.030,0.003,Pass
SCC083910,22,1185,3.89,1023.77,841.76,833.14,27.00,13,24.80,22.26,49.45,929.40,1081.51,77.39,0.160,1.300,0.024,0.010,0.255,0.026,0.034,0.030,0.003,Pass
SCC083911,22,1197,4.02,1082.77,827.31,776.12,25.84,15,20.68,7.44,49.38,917.34,1161.62,192.46,0.160,1.300,0.024,0.010,0.255,0.026,0.034,0.030,0.003,Pass
SCC085631,25,1202,6.79,1102.21,887.85,851.59,25.44,13,23.60,21.44,74.32,934.22,1102.07,157.48,0.160,1.380,0.020,0.015,0.246,0.024,0.030,0.030,0.003,Pass
SCC085632,25,1212,6.84,1079.47,879.56,869.06,25.30,13,23.80,21.54,74.30,936.42,1115.49,167.71,0.160,1.380,0.020,0.015,0.246,0.024,0.030,0.030,0.003,Pass
SCC073715,30,1201,4.57,1071.47,855.63,831.41,22.44,15,19.37,10.98,89.28,930.34,1096.01,272.53,0.180,1.350,0.022,0.008,0.226,0.015,0.055,0.044,0.004,Pass
SCC073716,30,1212,4.63,1074.25,888.45,870.97,22.37,13,20.93,22.28,89.27,940.18,1110.78,222.57,0.180,1.350,0.022,0.008,0.226,0.015,0.055,0.044,0.004,Pass
SCC073717,25,1237,5.20,1100.14,883.29,821.73,16.11,15,21.11,15.62,71.29,923.38,1137.73,237.45,0.180,1.370,0.023,0.007,0.267,0.018,0.053,0.043,0.005,Pass
SCC073718,25,1241,5.25,1106.39,863.34,829.39,15.96,17,21.04,8.65,71.30,927.87,1140.31,197.34,0.180,1.370,0.023,0.007,0.267,0.018,0.053,0.043,0.005,Pass
SCC071544,25,1210,3.99,1122.69,870.39,831.39,15.98,15,22.14,14.56,71.33,923.89,1116.68,207.34,0.185,1.300,0.024,0.014,0.260,0.028,0.039,0.040,,Pass
SCC071545,25,1214,4.03,1112.84,871.81,816.89,26.29,15,22.05,9.26,74.55,930.73,1112.47,212.21,0.185,1.300,0.024,0.014,0.260,0.028,0.039,0.040,,Fail
SCC071580,22,1198,3.71,1095.85,876.52,836.34,18.19,13,22.66,18.06,44.47,921.12,1097.67,98.30,0.180,1.220,0.021,0.006,0.228,0.011,0.030,0.030,,Fail
SCC071581,22,1199,3.81,1101.33,874.84,836.40,18.06,13,22.66,18.05,44.48,928.40,1103.11,72.60,0.180,1.220,0.021,0.006,0.228,0.011,0.030,0.030,,Pass
SCC071590,40,1210,3.92,1089.86,882.98,821.65,24.40,13,18.45,12.77,80.08,926.76,1094.86,237.93,0.177,1.313,0.018,0.015,0.261,0.024,0.037,0.037,,Pass
SCC071591,40,1212,3.96,1108.63,891.95,833.56,14.18,15,18.28,12.56,79.34,924.24,1090.90,218.71,0.177,1.313,0.018,0.015,0.261,0.024,0.037,0.037,,Fail
SCC071616,25,1215,4.41,1084.63,946.00,858.29,26.68,13,22.34,17.63,49.54,1051.50,1121.24,0.00,0.190,1.310,0.016,0.012,0.206,0.025,0.046,0.038,,Pass
SCC071617,25,1216,4.48,1111.20,952.66,871.11,26.75,13,22.34,17.63,49.54,1047.89,1116.35,0.00,0.190,1.310,0.016,0.012,0.206,0.025,0.046,0.038,,Pass
SCC071626,32,1224,4.11,1101.83,892.65,847.62,21.74,13,21.92,17.94,63.39,936.02,1109.30,176.99,0.190,1.330,0.023,0.002,0.284,0.013,0.035,0.033,,Pass
SCC071627,32,1224,4.22,1102.23,974.52,876.96,21.68,13,21.97,17.99,63.55,1054.50,1102.41,0.00,0.190,1.330,0.023,0.002,0.284,0.013,0.035,0.033,,Pass
SCC071636,28,1221,4.18,1088.69,914.61,874.72,24.93,13,21.85,17.85,55.44,954.75,1101.89,117.66,0.180,1.360,0.023,0.005,0.318,0.021,0.042,0.041,,Pass
SCC071638,28,1220,4.23,1110.64,865.31,822.53,23.62,15,18.87,11.36,84.53,929.01,1114.53,282.68,0.180,1.360,0.023,0.005,0.318,0.021,0.042,0.041,,Pass
SCC071644,20,1243,5.83,1152.78,851.69,833.69,21.13,15,23.68,12.72,59.35,924.16,1148.18,173.00,0.180,1.250,0.023,0.007,0.280,0.022,0.035,0.030,,Pass
SCC071645,20,1244,5.96,1138.65,865.68,832.27,20.97,15,23.81,13.28,59.36,937.72,1147.34,157.40,0.180,1.250,0.023,0.007,0.280,0.022,0.035,0.030,,Pass
SCC071656,18,1223,5.06,1104.28,865.40,815.32,34.64,13,23.41,14.57,53.80,941.81,1128.53,152.45,0.180,1.180,0.023,0.005,0.225,0.015,0.039,0.031,,Fail
SCC071657,18,1223,5.18,1114.58,856.83,820.94,15.98,15,23.37,14.08,53.44,944.72,1126.15,108.15,0.180,1.180,0.023,0.005,0.225,0.015,0.039,0.031,,Fail
SCC071664,16,1211,4.86,1097.03,857.98,817.07,23.59,15,23.76,14.30,47.46,975.84,1114.37,47.45,0.150,1.200,0.020,0.007,0.210,0.023,0.035,0.030,,Pass
SCC071665,16,1210,4.94,1096.18,858.54,807.46,22.85,15,23.67,14.18,47.43,957.85,1116.04,112.14,0.150,1.200,0.020,0.007,0.210,0.023,0.035,0.030,,Pass
SCC071690,16,1213,4.38,1113.56,869.79,819.18,25.57,15,23.68,14.18,47.46,980.38,1120.57,48.27,0.170,1.090,0.019,0.009,0.199,0.020,0.036,0.031,,Pass
SCC071691,16,1216,4.45,1098.63,862.23,804.95,26.02,15,23.68,14.18,47.44,967.46,1106.83,87.37,0.170,1.090,0.019,0.009,0.199,0.020,0.036,0.031,,Fail
SCC071698,16,1213,4.57,1108.88,851.00,830.35,22.82,15,23.72,14.25,47.47,978.29,1118.06,57.50,0.180,1.156,0.022,0.012,0.192,0.025,0.046,0.031,,Fail
SCC071699,16,1217,4.64,1108.13,854.04,822.43,22.70,15,23.72,14.24,47.44,966.85,1110.94,87.19,0.180,1.156,0.022,0.012,0.192,0.025,0.046,0.031,,Fail
SCC071708,20,1243,4.88,1128.40,889.67,853.61,28.04,13,22.15,16.73,39.46,956.01,1148.26,87.42,0.160,1.100,0.023,0.012,0.298,0.030,0.033,0.029,,Pass
SCC071709,20,1245,4.97,1100.68,846.64,818.85,17.91,15,23.15,13.98,59.35,926.07,1148.36,173.17,0.160,1.100,0.023,0.012,0.298,0.030,0.033,0.029,,Fail
SCC071896,22,1173,3.89,1067.69,872.84,823.93,27.67,13,22.20,16.54,43.45,915.95,1081.13,107.50,0.180,1.360,0.017,0.014,0.269,0.020,0.033,0.032,,Fail
SCC071897,22,1179,3.99,1067.45,873.69,827.74,27.16,13,22.32,16.13,43.45,919.16,1085.66,107.60,0.180,1.360,0.017,0.014,0.269,0.020,0.033,0.032,,Pass
SCC072302,25,1199,3.90,1082.95,861.90,829.78,15.73,15,24.71,21.31,74.34,926.61,1106.37,197.11,0.180,1.380,0.023,0.010,0.303,0.028,0.037,0.037,,Pass
SCC072303,25,1204,3.94,1069.07,872.47,842.03,16.14,15,24.85,21.20,74.34,927.04,1100.76,192.12,0.180,1.380,0.023,0.010,0.303,0.028,0.037,0.037,,Pass
SCC072595,16,1248,4.83,1158.46,881.56,816.34,22.41,15,23.63,11.74,47.40,946.34,1154.29,88.16,0.180,1.300,0.022,0.012,0.275,0.030,0.033,0.031,,Fail
SCC072596,16,1250,4.92,1154.72,891.79,795.94,22.05,15,23.68,11.27,47.38,935.66,1153.11,137.43,0.180,1.300,0.022,0.012,0.275,0.030,0.033,0.031,,Fail
SCC072961,30,1235,6.43,1081.70,874.71,848.87,21.83,15,19.40,11.01,89.24,937.37,1125.72,262.65,0.170,1.310,0.024,0.015,0.218,0.020,0.031,0.030,,Fail
SCC072963,30,1232,7.26,1057.57,875.61,842.08,21.95,15,19.42,10.74,89.24,938.36,1126.73,262.75,0.170,1.310,0.024,0.015,0.218,0.020,0.031,0.030,,Pass
SCC073165,16,1223,5.34,1135.57,862.72,822.76,22.39,15,23.00,14.51,47.44,965.56,1130.15,72.15,0.170,1.220,0.023,0.015,0.236,0.037,0.030,0.030,,Fail
SCC073166,16,1228,5.42,1127.11,883.44,821.55,25.32,15,23.13,14.86,47.43,961.39,1097.56,87.09,0.170,1.220,0.023,0.015,0.236,0.037,0.030,0.030,,Pass
SCC073898,18,1241,5.95,1111.31,885.14,846.85,17.67,13,29.03,20.04,44.45,948.44,1143.69,102.59,0.160,1.220,0.023,0.014,0.233,0.024,0.031,0.031,,Pass
SCC073900,18,1243,5.64,1120.00,863.68,841.85,28.41,13,30.12,18.68,44.43,946.22,1145.62,102.30,0.160,1.220,0.023,0.014,0.233,0.024,0.031,0.031,,Pass
SCC074111,16,1226,5.41,1129.98,856.62,820.32,24.65,15,23.02,13.36,47.43,957.12,1133.26,77.53,0.170,1.057,0.022,0.010,0.191,0.022,0.036,0.033,,Fail
SCC074112,16,1231,5.52,1121.99,883.36,813.41,23.93,15,23.20,12.90,47.42,957.66,1138.23,77.14,0.170,1.057,0.022,0.010,0.191,0.022,0.036,0.033,,Fail
SCC074237,20,1207,6.43,1096.78,880.57,858.33,19.75,13,27.34,23.70,74.35,954.95,1113.89,147.47,0.170,1.217,0.021,0.016,0.237,0.049,0.030,0.036,,Pass
SCC074238,20,1213,6.65,1094.37,862.71,846.43,19.31,13,28.54,23.35,74.35,963.60,1117.16,142.57,0.170,1.217,0.021,0.016,0.237,0.049,0.030,0.036,,Pass
SCC074401,22,1233,5.10,1143.80,866.65,871.61,25.58,13,21.98,17.52,43.47,968.14,1139.20,52.20,0.180,1.280,0.023,0.016,0.212,0.034,0.041,0.032,,Pass
SCC074402,22,1239,5.18,1137.74,865.53,863.68,25.16,13,21.97,17.54,43.46,959.77,1142.07,77.14,0.180,1.280,0.023,0.016,0.212,0.034,0.041,0.032,,Pass
SCC074788,18,1234,5.31,1108.34,855.49,819.36,29.46,13,23.01,14.93,53.38,946.27,1135.16,127.63,0.200,1.350,0.024,0.015,0.319,0.027,0.039,0.033,,Pass
SCC074789,18,1219,5.15,1115.79,855.50,820.88,29.43,13,23.01,14.54,53.38,943.68,1124.51,127.73,0.200,1.350,0.024,0.015,0.319,0.027,0.039,0.033,,Pass
SCC075552,20,1247,5.24,1141.47,908.93,876.16,30.09,13,22.61,17.09,39.45,956.63,1152.20,77.29,0.180,1.020,0.020,0.015,0.220,0.023,0.035,0.032,,Pass
SCC075552,20,1247,5.24,1141.47,908.93,876.16,30.09,13,22.61,17.09,39.45,956.63,1152.20,77.29,0.180,1.020,0.020,0.015,0.220,0.023,0.035,0.032,,Fail
SCC075652,14,1230,4.46,1145.53,886.40,821.21,27.72,15,23.74,11.86,41.45,967.21,1137.34,87.67,0.170,1.300,0.023,0.008,0.350,0.044,0.044,0.030,,Pass
SCC075653,14,1236,4.55,1138.00,890.72,824.61,27.23,15,23.54,11.10,41.45,976.06,1143.53,67.26,0.170,1.300,0.023,0.008,0.350,0.044,0.044,0.030,,Pass
SCC075664,18,1233,4.66,1133.60,862.29,836.41,23.66,15,24.31,13.32,53.38,924.74,1135.58,137.53,0.200,1.350,0.024,0.015,0.319,0.027,0.039,0.033,,Pass
SCC075667,18,1239,4.89,1130.98,881.06,841.29,23.63,15,24.29,13.58,53.37,925.34,1142.41,137.53,0.200,1.350,0.024,0.015,0.319,0.027,0.039,0.033,,Fail
SCC075710,20,1213,4.38,1110.95,887.55,849.34,20.33,15,23.68,14.51,59.38,927.01,1113.89,147.43,0.180,1.020,0.020,0.015,0.220,0.023,0.035,0.032,,Pass
SCC075711,20,1227,4.47,1109.27,899.21,853.19,20.48,15,23.67,13.81,59.37,930.44,1127.36,142.43,0.180,1.020,0.020,0.015,0.220,0.023,0.035,0.032,,Pass
SCC075800,20,1232,5.89,1126.20,848.46,818.44,25.68,15,21.29,11.69,49.41,943.30,1137.70,107.32,0.180,1.230,0.024,0.016,0.295,0.033,0.030,0.030,,Pass
SCC075801,20,1238,5.99,1115.58,850.31,819.62,25.80,15,21.29,11.07,49.41,945.91,1142.32,102.40,0.180,1.230,0.024,0.016,0.295,0.033,0.030,0.030,,Pass
SCC075872,28,1214,4.38,1083.62,875.88,853.30,21.81,13,21.58,21.20,83.32,952.53,1108.33,202.95,0.170,1.350,0.020,0.017,0.326,0.024,0.038,0.038,,Fail
SCC075873,28,1222,4.42,1044.49,884.18,858.23,21.91,13,22.06,22.59,83.32,959.93,1117.62,172.75,0.170,1.350,0.020,0.017,0.326,0.024,0.038,0.038,,Fail
SCC075896,16,1217,4.33,1105.33,904.65,782.68,26.05,15,23.43,11.93,47.42,952.11,1124.45,97.60,0.170,1.100,0.025,0.018,0.252,0.028,0.031,0.033,,Fail
SCC075897,16,1226,4.55,1091.20,900.06,807.56,24.66,15,23.86,12.66,47.41,956.05,1132.67,87.12,0.170,1.100,0.025,0.018,0.252,0.028,0.031,0.033,,Fail
SCC075910,20,1208,3.97,1112.54,917.90,884.15,21.94,13,26.13,25.05,49.43,935.83,1115.38,107.60,0.180,1.140,0.025,0.016,0.283,0.023,0.035,0.031,,Pass
SCC075911,20,1217,4.04,1107.14,915.75,869.80,21.82,13,26.13,25.73,49.43,935.13,1116.10,117.41,0.180,1.140,0.025,0.016,0.283,0.023,0.035,0.031,,Pass
SCC075972,56,1233,5.46,1099.27,924.66,847.11,23.39,11,19.88,16.07,84.26,940.61,1132.48,267.74,0.171,1.347,0.023,0.011,0.330,0.029,0.036,0.032,,Fail
SCC075973,56,1236,5.52,1101.11,937.79,824.92,23.47,11,20.14,16.04,84.23,933.09,1140.07,352.58,0.171,1.347,0.023,0.011,0.330,0.029,0.036,0.032,,Pass
SCC076004,12,1245,5.73,1135.44,882.26,796.73,21.01,15,23.00,13.10,23.57,987.69,1143.05,0.00,0.200,1.350,0.024,0.015,0.319,0.027,0.039,0.033,,Pass
SCC076005,12,1249,5.87,1126.44,834.59,941.00,20.26,15,24.06,13.38,23.55,947.30,1156.41,28.04,0.200,1.350,0.024,0.015,0.319,0.027,0.039,0.033,,Pass
SCC076032,30,1238,11.55,1116.14,883.75,835.60,21.88,15,18.84,11.84,89.22,932.49,1132.38,307.43,0.190,1.390,0.020,0.023,0.279,0.028,0.038,0.036,,Pass
SCC076032,30,1238,11.55,1116.14,883.75,835.60,21.88,15,18.84,11.84,89.22,932.49,1132.38,307.43,0.190,1.390,0.020,0.023,0.279,0.028,0.038,0.036,,Fail
SCC076043,20,1262,11.45,1139.83,855.30,832.58,19.38,15,21.50,15.38,59.34,924.95,1151.21,172.47,0.170,1.100,0.025,0.018,0.252,0.028,0.031,0.033,,Pass
SCC076043,20,1262,11.45,1139.83,855.30,832.58,19.38,15,21.50,15.38,59.34,924.95,1151.21,172.47,0.170,1.100,0.025,0.018,0.252,0.028,0.031,0.033,,Pass
SCC076547,20,1233,5.64,1151.25,888.00,837.05,22.61,15,22.98,14.82,59.41,973.75,1136.63,107.88,0.150,1.160,0.018,0.016,0.206,0.024,0.030,0.030,,Fail
SCC076548,20,1244,5.76,1129.59,865.53,833.39,21.87,15,22.98,15.01,59.40,970.17,1148.24,117.89,0.150,1.160,0.018,0.016,0.206,0.024,0.030,0.030,,Pass
SCC076559,25,1231,5.88,1138.58,871.03,849.53,21.37,15,21.76,21.83,74.29,928.09,1135.73,218.14,0.170,1.330,0.022,0.013,0.269,0.028,0.032,0.030,,Pass
SCC076560,25,1241,5.93,1134.00,901.08,873.20,21.65,15,21.77,21.95,74.28,930.55,1139.10,207.67,0.170,1.330,0.022,0.013,0.269,0.028,0.032,0.030,,Pass
SCC076563,25,1226,5.84,1123.10,887.03,846.53,21.63,15,21.56,22.84,74.28,925.50,1132.02,237.62,0.170,1.330,0.022,0.013,0.269,0.028,0.032,0.030,,Pass
SCC076564,25,1237,5.68,1120.48,900.00,851.45,21.61,15,21.43,22.62,74.27,925.55,1137.17,247.63,0.170,1.330,0.022,0.013,0.269,0.028,0.032,0.030,,Pass
SCC076891,32,1170,3.79,1067.15,863.60,815.70,18.60,15,18.36,11.37,91.33,942.25,1079.52,222.74,0.180,1.320,0.020,0.013,0.264,0.027,0.034,0.030,,Pass
SCC076892,32,1195,3.85,1050.73,875.77,844.27,18.58,13,19.74,23.64,91.34,956.68,1087.15,162.68,0.180,1.320,0.020,0.013,0.264,0.027,0.034,0.030,,Pass
SCC077351,14,1190,4.22,1108.22,818.60,735.75,26.32,15,23.53,10.97,41.46,947.83,1098.85,57.63,0.180,1.180,0.019,0.018,0.210,0.026,0.031,0.033,,Pass
SCC077352,14,1214,4.32,1102.45,827.98,747.50,24.32,15,23.32,11.28,41.44,936.85,1121.34,82.64,0.180,1.180,0.019,0.018,0.210,0.026,0.031,0.033,,Pass
SCC077437,16,1226,9.03,1115.99,878.25,827.15,32.67,13,23.52,13.90,31.49,967.10,1133.72,47.44,0.180,1.280,0.023,0.016,0.212,0.034,0.041,0.032,,Pass
SCC077439,16,1216,8.88,1116.03,876.34,826.84,33.81,13,23.22,13.80,31.49,962.21,1124.09,47.73,0.180,1.280,0.023,0.016,0.212,0.034,0.041,0.032,,Pass
SCC078845,40,1191,4.79,1114.07,838.39,820.83,13.60,15,17.83,12.94,79.40,948.55,1078.77,92.63,0.200,1.370,0.025,0.014,0.307,0.040,0.038,0.031,,Pass
SCC078846,40,1200,4.85,1114.69,889.68,850.56,13.62,15,17.82,13.13,79.36,925.84,1079.42,192.65,0.200,1.370,0.025,0.014,0.307,0.040,0.038,0.031,,Pass
SCC079111,36,1189,4.70,1103.22,891.78,841.03,17.51,15,18.36,12.21,71.34,923.84,1099.48,187.30,0.200,1.350,0.024,0.015,0.319,0.027,0.039,0.033,,Pass
SCC079112,36,1193,4.74,1105.74,876.52,858.56,17.04,15,18.36,12.19,71.37,930.03,1085.47,147.20,0.200,1.350,0.024,0.015,0.319,0.027,0.039,0.033,,Pass
SCC079113,36,1186,4.69,1105.37,889.34,841.79,17.63,15,18.36,12.56,71.35,926.69,1096.70,177.23,0.180,1.370,0.022,0.016,0.276,0.029,0.036,0.034,,Pass
SCC079114,36,1192,4.74,1102.20,875.27,857.24,17.31,15,18.36,12.11,71.36,926.90,1084.11,152.20,0.180,1.370,0.022,0.016,0.276,0.029,0.036,0.034,,Pass
SCC079381,12,1226,5.92,1127.59,905.09,848.90,35.23,13,26.51,17.98,19.73,1009.50,1168.34,0.00,0.170,1.190,0.023,0.020,0.238,0.039,0.030,0.031,,Pass
SCC079382,12,1232,5.99,1131.90,911.77,845.75,35.44,13,28.67,19.28,20.28,1015.82,1170.04,0.00,0.170,1.190,0.023,0.020,0.238,0.039,0.030,0.031,,Pass
SCC080394,28,1197,4.70,1096.13,883.48,856.89,24.13,13,21.03,21.99,83.31,930.48,1090.24,222.70,0.180,1.260,0.022,0.015,0.240,0.022,0.038,0.031,,Pass
SCC080395,28,1200,4.74,1075.27,889.88,856.11,24.19,13,21.64,21.96,83.30,933.97,1096.33,207.72,0.180,1.260,0.022,0.015,0.240,0.022,0.038,0.031,,Pass
SCC080417,16,1209,4.73,1101.19,878.10,855.50,30.25,13,24.46,11.11,31.50,964.80,1116.63,37.33,0.170,1.200,0.018,0.011,0.240,0.024,0.037,0.036,,Pass
SCC080418,16,1203,4.67,1116.14,862.16,849.15,32.04,13,24.67,10.41,31.49,955.29,1111.24,52.31,0.170,1.200,0.018,0.011,0.240,0.024,0.037,0.036,,Pass
SCC080420,16,1204,4.68,1105.54,856.79,847.95,32.07,13,24.66,9.96,31.50,955.11,1111.71,52.23,0.160,1.220,0.023,0.019,0.223,0.025,0.040,0.030,,Pass
SCC080421,16,1210,4.79,1097.90,879.71,857.09,30.89,13,24.48,10.68,31.50,966.41,1117.30,37.33,0.160,1.220,0.023,0.019,0.223,0.025,0.040,0.030,,Pass
SCC082955,36,1233,7.08,1146.33,889.19,847.15,26.93,13,21.64,13.54,79.24,934.67,1142.52,228.11,0.180,1.370,0.022,0.016,0.276,0.029,0.036,0.034,,Pass
SCC082956,36,1241,7.12,1121.55,910.91,858.32,26.36,13,21.64,13.65,79.25,929.90,1134.34,248.04,0.180,1.370,0.022,0.016,0.276,0.029,0.036,0.034,,Pass
SCC083676,12,1223,5.53,1111.23,814.73,752.03,41.46,13,26.77,6.03,35.42,954.93,1122.23,82.68,0.180,1.260,0.023,0.013,0.272,0.037,0.033,0.036,,Pass
SCC083677,12,1232,5.61,1099.07,782.01,721.42,41.11,13,26.47,6.48,35.45,958.00,1126.66,58.09,0.180,1.260,0.023,0.013,0.272,0.037,0.033,0.036,,Pass
SCC084273,30,1204,4.97,1124.64,861.34,828.70,15.21,15,23.03,16.58,74.35,938.38,1100.75,132.23,0.170,1.290,0.022,0.012,0.303,0.020,0.036,0.037,,Pass
SCC084274,30,1210,5.01,1071.93,867.93,838.92,15.24,15,23.02,16.65,74.33,932.33,1105.78,167.22,0.170,1.290,0.022,0.012,0.303,0.020,0.036,0.037,,Pass
SCC084915,20,1215,5.18,1138.49,872.46,858.21,21.68,13,26.30,24.29,49.40,933.44,1119.77,112.43,0.160,1.230,0.025,0.020,0.208,0.032,0.031,0.031,,Fail
SCC084916,20,1222,5.27,1120.12,863.12,853.66,21.85,13,26.29,24.50,49.41,932.21,1119.67,107.52,0.160,1.230,0.025,0.020,0.208,0.032,0.031,0.031,,Pass
SCC084917,20,1215,5.22,1136.09,869.07,858.76,22.05,13,26.30,24.40,49.41,931.31,1114.22,112.49,0.170,1.160,0.023,0.025,0.196,0.025,0.037,0.034,,Pass
SCC084919,20,1213,5.19,1133.12,868.06,855.84,22.09,13,26.25,24.33,49.41,929.81,1112.43,112.39,0.170,1.160,0.023,0.025,0.196,0.025,0.037,0.034,,Pass
SCC084936,16,1239,4.93,1143.80,868.06,837.52,30.49,13,24.11,10.72,31.48,958.38,1145.56,52.40,0.180,1.300,0.023,0.015,0.286,0.020,0.030,0.038,,Pass
SCC084939,16,1237,4.91,1170.90,876.26,831.66,30.60,13,24.18,10.53,31.47,954.07,1142.54,62.40,0.180,1.300,0.023,0.015,0.286,0.020,0.030,0.038,,Pass
SCC085139,32,1216,5.92,1080.72,907.29,869.89,18.66,13,19.69,21.49,89.27,945.02,1115.25,207.50,0.170,1.380,0.023,0.018,0.286,0.034,0.030,0.035,,Pass
SCC085142,32,1218,6.02,1068.80,883.74,854.79,18.80,15,18.10,10.32,89.26,932.26,1108.24,272.42,0.170,1.380,0.023,0.018,0.286,0.034,0.030,0.035,,Pass
SCC085202,20,1216,18.25,1087.02,949.63,895.11,29.12,13,31.33,15.35,35.69,1039.36,1146.30,0.00,0.170,1.160,0.023,0.025,0.196,0.025,0.037,0.034,,Pass
SCC085203,20,1218,18.36,1089.21,944.96,896.84,29.24,13,31.64,15.03,35.45,1039.95,1146.15,0.00,0.170,1.160,0.023,0.025,0.196,0.025,0.037,0.034,,Pass
SCC085979,40,1181,4.22,1122.75,864.94,833.60,19.15,15,18.93,11.94,79.38,943.73,1069.78,112.22,0.200,1.370,0.025,0.014,0.307,0.040,0.038,0.031,,Pass
SCC085980,40,1200,4.25,1118.57,906.53,862.77,19.02,15,18.92,12.00,79.34,925.74,1075.94,207.32,0.200,1.370,0.025,0.014,0.307,0.040,0.038,0.031,,Pass
SCC086223,20,1244,4.73,1143.41,887.77,860.37,20.98,13,21.55,17.47,39.46,960.72,1146.71,72.20,0.180,1.040,0.017,0.018,0.221,0.024,0.028,0.031,,Fail
SCC086224,20,1250,4.82,1119.47,882.67,866.01,21.23,13,21.53,17.83,39.46,964.17,1146.70,47.18,0.180,1.040,0.017,0.018,0.221,0.024,0.028,0.031,,Pass
SCC086789,25,1216,4.48,1120.34,909.79,845.01,25.34,13,22.15,20.42,74.32,943.61,1117.95,142.55,0.180,1.280,0.025,0.014,0.274,0.030,0.039,0.030,,Pass
SCC086791,25,1208,4.47,1135.63,907.50,834.04,25.35,13,22.00,20.33,74.32,941.51,1113.99,142.58,0.180,1.280,0.025,0.014,0.274,0.030,0.039,0.030,,Pass
